step,simulation_time,joint_1_rad,joint_2_rad,joint_3_rad,joint_4_rad,joint_5_rad,joint_6_rad,joint_7_rad,eef_x,eef_y,eef_z,reward,done
0,0.05000000000000003,-0.010236811674428647,0.18181883362913528,-0.03510815639924141,-2.6299552299212965,-0.058631584087478206,2.9360080233194052,0.823829973604584,-0.10730531784090162,-0.017747149236198904,1.0130554132263405,0.012309666650277525,False
1,0.10000000000000007,-0.009856781588025582,0.1713126294020081,-0.07164327698227718,-2.6329550331277756,-0.13994759538154128,2.953781606903248,0.877812367709729,-0.10423077400488988,-0.03295297030182304,1.0188945763743467,0.010616247428835922,False
2,0.1500000000000001,-0.0007174175152907338,0.16352078334331058,-0.08227556704113964,-2.658822355476092,-0.15464092484477074,2.9724516968784207,0.9393127903146702,-0.11184266264228075,-0.03168166796532875,1.0168091335490883,0.010695502185465085,False
3,0.20000000000000015,-0.00022411306125349082,0.15658100003848674,-0.1335829102365751,-2.66455215452422,-0.261589465306955,2.956722200734602,1.0271776188250548,-0.11917170973695626,-0.0492774699291401,1.0158568399962202,0.00960602092626687,False
4,0.25000000000000017,0.008851868961286497,0.1420095876470639,-0.18430618765304263,-2.651644180253944,-0.4077702746917841,2.930179340553764,1.1213656808094654,-0.11806538823313542,-0.06594992381914697,1.0227387788162883,0.007883050480392149,False
5,0.3000000000000002,0.031323344518224695,0.11852690590494318,-0.1723096339061836,-2.66574615711409,-0.4704965981313912,2.92515918487409,1.1878100618423582,-0.11946533221165999,-0.04825396597389068,1.0276812597320553,0.007899681016982412,False
6,0.35000000000000026,0.04687178783045695,0.08939294015858193,-0.13651407996899997,-2.7011986190918513,-0.4461406639700106,2.942778397941601,1.209976323926806,-0.12622216338144696,-0.022200909212460672,1.030786819913722,0.00777571864229233,False
7,0.4000000000000003,0.04459714522406105,0.07102132265064971,-0.14096010986417637,-2.70263850253772,-0.47068510777889727,2.947525652521385,1.2308347690759562,-0.12352871846789393,-0.021877263348529682,1.0384082308198663,0.006953814868234678,False
8,0.45000000000000034,0.0422579316745911,0.08391407910070835,-0.14559466411097655,-2.7099860512383787,-0.5047279577566662,2.9607789643635214,1.2530878064877442,-0.12749309554063332,-0.02340251518006522,1.0326168450885527,0.007429754373371801,False
9,0.5000000000000003,0.03386629470311845,0.09539407869332094,-0.16378466118110754,-2.7088391122085613,-0.5771981318127957,2.9676178911904167,1.2821392156768265,-0.13119440326863502,-0.0298674648886074,1.0273223086371324,0.0077467703623357795,False
10,0.5500000000000004,0.023105120257164723,0.08592604555729183,-0.22718622234118113,-2.6550400638916742,-0.7332455023439604,2.9309587556172074,1.3512356805735524,-0.11493715576000713,-0.06465960331974524,1.0432434678358302,0.005723363847322341,False
11,0.6000000000000004,0.018823760184974645,0.050462829029113115,-0.2784206358698816,-2.61027489532325,-0.9037635984744631,2.8741291830509708,1.4578417644944108,-0.1022021915478767,-0.0976824079356711,1.068092351650166,0.003216678984867401,False
12,0.6500000000000005,0.020635360183939053,0.0031097933715501964,-0.29869033264489103,-2.6052367676154797,-1.0566018529927894,2.832834615738455,1.5978206635957017,-0.1015340468049363,-0.11091465859675503,1.0869663937106595,0.00209198208985395,False
13,0.7000000000000005,0.022571920032046826,-0.04586064166765819,-0.30370265184946477,-2.648844659300313,-1.1780972042676812,2.7932342971350255,1.7313242287388642,-0.11945602061334386,-0.11182718924338009,1.0891731898695107,0.0018058210857690622,False
14,0.7500000000000006,0.023611120239194913,-0.08033267582095546,-0.29896922111093377,-2.7121720642786262,-1.255127413250262,2.7537539653592957,1.8558795111020447,-0.1475407045287051,-0.10754638142522394,1.0780640390053924,0.0018468551491704528,False
15,0.8000000000000006,0.021184113711515178,-0.10379870085222373,-0.2961419434286291,-2.761469599578187,-1.2972670273952425,2.729117203278176,1.973934671037981,-0.16990445865435844,-0.10462192359952252,1.0684689153043763,0.0018165741032600577,False
16,0.8500000000000006,0.02237068304184009,-0.104341135664413,-0.28255292062645737,-2.7878946077875515,-1.3079742067977307,2.7252943778130136,2.0602374456658583,-0.1820327951440609,-0.09672215860711972,1.0596493796195043,0.001958906080825705,False
17,0.9000000000000007,0.02402316625809245,-0.1034896849535582,-0.2565040135908434,-2.7764997230701254,-1.3537275772024346,2.710782040351716,2.1476710465473547,-0.17613891648416408,-0.09061532524876244,1.0623702672954585,0.0020751313939265533,False
18,0.9500000000000007,0.02524170784141231,-0.08959490937423426,-0.22068362510199824,-2.749563399857023,-1.4657641161987098,2.6720381467373815,2.241733729460566,-0.16422596243931575,-0.08846498778989793,1.0671473946449135,0.00218570204350716,False
19,1.0000000000000007,0.02623969340434685,-0.0865820699350941,-0.18195330955251726,-2.754199565627458,-1.5815795851094976,2.618283084600302,2.342760382790014,-0.1640091558815699,-0.08494537688980405,1.0661458190143358,0.0022764112494535224,False
20,1.0500000000000007,0.022829829786013844,-0.11156662922395776,-0.15805581303343733,-2.7941020882838905,-1.6597880161028447,2.5553638385542037,2.452263703328433,-0.17718373212686722,-0.08768514996299409,1.0653224497438625,0.0019954373783728466,False
21,1.1000000000000008,0.015589509058193151,-0.11865384847246274,-0.1500774160022456,-2.8309856303869965,-1.7133061448384999,2.4970911730531977,2.542807363294732,-0.19365286047132474,-0.09720869669780285,1.0596982929065224,0.0017247724791299311,False
22,1.1500000000000008,0.014921568718842317,-0.135228200154164,-0.12331543501602855,-2.8732967028694674,-1.7420948369353328,2.453702823859096,2.5996647123936696,-0.20865891966774908,-0.09568250230296965,1.0553091334910913,0.0015719592510778924,False
23,1.2000000000000008,0.011109369988389272,-0.15852226722634816,-0.10491540537951224,-2.922732477036814,-1.7348187727439788,2.413977708555127,2.6207440695060957,-0.2289644347572451,-0.0961009281404222,1.0507523043021758,0.0013092332044738104,False
24,1.2500000000000009,0.010514455409552427,-0.17205767682663503,-0.07770160017023114,-2.9341305650441902,-1.7562557163674766,2.3840745258779874,2.645552433878,-0.22985922416645077,-0.0944663585339772,1.0545938920184983,0.0012385136705530542,False
25,1.300000000000001,0.016469738019780675,-0.19883185451211138,-0.038484745343421306,-2.954099366363074,-1.7877790092294297,2.3783144381879535,2.6944081024944415,-0.228158447759555,-0.0814999156993055,1.0593909418754834,0.001273110745573014,False
26,1.350000000000001,0.01610727633489402,-0.2171772473683783,-0.02459715123864085,-2.9881590470516004,-1.7783609734052503,2.3927602264802745,2.720345472216958,-0.24170677676190166,-0.07413428425125873,1.0540293683995419,0.0012008230342732437,False
27,1.400000000000001,0.017264318933764598,-0.22187336085612344,-0.018475295529755163,-2.9887310082183984,-1.7612473236111843,2.4303189445454416,2.7382162812005064,-0.2428674979892922,-0.06493898121608702,1.051610934611835,0.001277595894581355,False
28,1.450000000000001,0.01672580464550515,-0.23435250265868032,-0.019168665506918897,-2.9928722291982472,-1.720757245546803,2.4616647117867654,2.7617766462387547,-0.24492852787393557,-0.05871043877654854,1.0511630999017927,0.0012840813059728814,False
29,1.500000000000001,0.020787856572125233,-0.2667846073803304,-0.009876862948174721,-3.0112367558852053,-1.6593606276389081,2.4927870444704987,2.7686895079018767,-0.2507043768687069,-0.04920690495551924,1.052389857502292,0.0012088328474914158,False
30,1.5500000000000012,0.020958019266312734,-0.2953699538537284,-0.015239341855117772,-3.052705489169534,-1.5647705509454528,2.520767372387434,2.741481042848993,-0.27043929834904334,-0.04407010828487167,1.0454007978561752,0.0010227986955079573,False
31,1.6000000000000012,0.017418427388483582,-0.2930287163123624,-0.02409839214646865,-3.052754039397806,-1.4942498458231,2.5360778890036038,2.7104701222031458,-0.2754615785398416,-0.043572173602757294,1.042351027589636,0.000990592881090762,False
32,1.6500000000000012,0.009441033635823073,-0.27066516387250783,-0.03518406670828831,-3.026374931797895,-1.4444975498581316,2.5333787212703767,2.6918376717185803,-0.2686758726474727,-0.04858183914199997,1.0429792741823467,0.0010681909700557392,False
33,1.7000000000000013,0.004523861252457164,-0.27421754826478384,-0.02964040178213086,-3.010788526839027,-1.4307561136678086,2.5074826992587367,2.660798443987045,-0.2617429292903498,-0.054656179085349955,1.0489768501827352,0.0010655271135397745,False
34,1.7500000000000013,0.005056318025856751,-0.2817191210143117,-0.021490526239516625,-3.0284155804940927,-1.390851576408932,2.4922779598912674,2.6054486220974162,-0.2708802426496638,-0.05550724460074546,1.0464122150017352,0.0009646650568595976,False
35,1.8000000000000014,0.012475519565047957,-0.2927024658368889,0.000267633067680131,-3.0294698161987887,-1.3617847720423433,2.4968326495167035,2.562998127589996,-0.26991304789637055,-0.047627302015263724,1.048228956362846,0.0009813499279892489,False
36,1.8500000000000014,0.01459622529779382,-0.3179342802125696,0.012345667679187475,-3.029922214319141,-1.3601824571290329,2.506915243032653,2.5539348068216334,-0.26388296798960775,-0.04172097673508644,1.055383134864823,0.000988098019383611,False
37,1.9000000000000015,0.01386226473807428,-0.32929564720156634,0.008122726906833296,-3.058178021640029,-1.3546191630879736,2.53408417252455,2.539985442811878,-0.27446166580788417,-0.03753018148065443,1.0497710303913879,0.0009269355452572705,False
38,1.9500000000000015,0.013895500871824791,-0.3065193848550971,-9.501998060279792e-05,-3.0677185168852574,-1.3647660990478614,2.580565416858995,2.5079309148037416,-0.2820937336069992,-0.02956815731391301,1.039567623919516,0.0009644289718216588,False
39,2.0000000000000013,0.010208965678225598,-0.2943293555503871,-0.005100334637478711,-3.067461517492853,-1.3535267988274227,2.6147332907806544,2.4859791390275268,-0.2832331831188723,-0.02396454568661527,1.0353748676556325,0.0010114641077818317,False
40,2.049999999999996,0.008982250766474006,-0.32127572550716166,0.01516189230585244,-3.0623972127214985,-1.3560620502848615,2.6138293466755718,2.4702395598622524,-0.27507231719350916,-0.020281952685942316,1.044082908073965,0.001028330155260715,False
41,2.0999999999999903,0.0048679283657750375,-0.3706267716992862,0.026193693750957574,-3.076522117118849,-1.3323047146201334,2.593926683096833,2.458356985106851,-0.2741270285296844,-0.02315557819814576,1.0537395748989977,0.0009114719298539439,False
42,2.149999999999985,-0.0003557458309650185,-0.38967561567808495,0.02658439284264469,-3.0733475276078557,-1.2562215624680775,2.5619213002763384,2.416848729761707,-0.2728790187887328,-0.03062246749159394,1.059935882871099,0.0008399778718094867,False
43,2.1999999999999793,0.0020452776917865836,-0.40080870406593666,0.05436549971633991,-3.047719404766564,-1.1977780412771684,2.5282700257034594,2.3815726287629713,-0.26279996385017773,-0.030497661139452716,1.070498831244807,0.0008339304477309955,False
44,2.249999999999974,0.00631634797871488,-0.44075725961049095,0.102652677994887,-3.0272049691740137,-1.164656857687385,2.4856070412555042,2.3837673597898053,-0.24910586394923218,-0.026146185090419376,1.0901203317012047,0.000753885992037764,False
45,2.2999999999999683,0.0117100398805546,-0.4682268090333432,0.1338589102356114,-3.0177871479866125,-1.11688047313643,2.448816494761015,2.3872990421174456,-0.24509681384854057,-0.023765003358840367,1.1020186598126522,0.0006622875253905726,False
46,2.349999999999963,0.016860583370166545,-0.4610926200458665,0.13607879514327256,-3.015895263984926,-1.03827646288169,2.442253769337185,2.3579294304174208,-0.24908759634422467,-0.021080800279111543,1.0986176711035947,0.0006675722879789544,False
47,2.3999999999999573,0.01490812685968512,-0.4515055537633048,0.12354555078970617,-3.023238655130583,-0.9694748230486344,2.433337960373573,2.2940301250955466,-0.25852384040922144,-0.02444930810734893,1.0906980960049497,0.0006639485168674753,False
48,2.4499999999999518,0.008316628726680974,-0.46597155666544643,0.12084998222110142,-3.0368884371432974,-0.9215994619237358,2.3998117180636025,2.2137641290675245,-0.2693831978078241,-0.03258046324603847,1.0882932534214953,0.000586418445298362,False
49,2.4999999999999463,-0.002912018613951759,-0.463674476074049,0.1137909819674858,-3.026966303705615,-0.9157462854980388,2.3706837469794273,2.1401611879910485,-0.27050768925473706,-0.04157639084074179,1.0908327962654603,0.0005445195647127359,False
50,2.5499999999999408,-0.011056465000558336,-0.45931052109670295,0.11284982353823474,-2.997454296591791,-0.9138874872459175,2.3369926861172643,2.0966917640610028,-0.262360926193819,-0.048245157023525914,1.0996970047774794,0.0005211388270310004,False
51,2.5999999999999353,-0.022170156782541504,-0.4459657706260653,0.12402301922471924,-2.9504359137406135,-0.9459884997227974,2.3049214081177825,2.0928650828883657,-0.24562895809122343,-0.05356235799064611,1.114672064727232,0.0005003272297885194,False
52,2.6499999999999297,-0.027447253908534544,-0.4239600031392832,0.16175504805614396,-2.9124698392519237,-0.9943449188284249,2.2930216950167335,2.103175849354558,-0.22801308698669695,-0.04830959791270281,1.1251632686087556,0.0005254801427141902,False
53,2.6999999999999242,-0.034598800405818766,-0.38715339379601693,0.18361564935307184,-2.8964287991086497,-0.9935372627907477,2.309732489914461,2.123819623119916,-0.22249465368080568,-0.04013008576161789,1.1194752984916825,0.0006274302701206263,False
54,2.7499999999999187,-0.0475308231382248,-0.35489507672377096,0.1945280522361673,-2.891740577219293,-1.0293190598141286,2.3268155598527875,2.144296022133413,-0.2201430930548259,-0.03879872426250311,1.111316502273921,0.0007390651198040881,False
55,2.7999999999999132,-0.0572700498981477,-0.3392623635520591,0.21287022442450731,-2.886650601309636,-1.103966424173391,2.3375587636123845,2.181442776616896,-0.21388277928198537,-0.03694341369111229,1.1107042028819651,0.0008034450105147941,False
56,2.8499999999999077,-0.06409381398370396,-0.3199411126892984,0.22496552571906916,-2.886983968011322,-1.1420934803126523,2.3475910464148813,2.247293505879778,-0.21257179776443494,-0.034513544095340465,1.1055522782225269,0.000893002949973286,False
57,2.899999999999902,-0.06456737343584368,-0.304828531606101,0.23043695230650013,-2.9094569228201266,-1.1117547931452403,2.3665950318034192,2.2930042957704146,-0.2250220392392593,-0.030868030565541174,1.0909798390996113,0.000990419823526483,False
58,2.9499999999998967,-0.058287373051447,-0.30924628998841325,0.2426179383705287,-2.9327848658548836,-1.0925154200309632,2.379174909956842,2.300640374558619,-0.2355000858908529,-0.02503298279322401,1.083079828494321,0.0009994366223229848,False
59,2.999999999999891,-0.05786032775887658,-0.2985963249562142,0.2363932518595988,-2.9477371242890102,-1.052455844666146,2.395956131759863,2.3025909919192253,-0.2456931217284775,-0.02341714646043056,1.0732158004221788,0.0010225750308914508,False
60,3.0499999999998857,-0.05588194411843593,-0.2925942804553298,0.23437663913310255,-2.9283091605307985,-1.050705496511779,2.39782120834469,2.3059659000375494,-0.23810752841908378,-0.021141823305621282,1.076405562400765,0.0010792832627506163,False
61,3.09999999999988,-0.046523395048641024,-0.2790243039133243,0.2422462391285111,-2.9154241759141106,-1.0629498438786282,2.397857150852021,2.3014114902144733,-0.2324397530099463,-0.014804675186285109,1.077435989411162,0.0011524891241431806,False
62,3.1499999999998747,-0.03369926918051181,-0.26454850406482816,0.26237979583432985,-2.9029756206828505,-1.0938966044198941,2.3924156419579083,2.289186253436577,-0.22718369140726524,-0.005240055484173278,1.0773833357344187,0.00124420552671974,False
63,3.199999999999869,-0.024293492396357738,-0.2700018542551249,0.27423740208765185,-2.9171306702287025,-1.0896909902411294,2.3859285601966316,2.297976042820591,-0.23319327285510372,-0.0017698201347354087,1.0750510464278387,0.001199447040548455,False
64,3.2499999999998637,-0.01983900921783531,-0.2840648041128606,0.2750514701907014,-2.9398279089047543,-1.0571870775045182,2.377393300452736,2.3118302675693734,-0.24451665882389934,-0.004370038566684983,1.0715564146806036,0.0010909658821793597,False
65,3.299999999999858,-0.021896088478544275,-0.2840142180113084,0.26689690421868184,-2.9521430533553574,-1.0421860665439662,2.3621278508328913,2.324282946732586,-0.25308477505565175,-0.011448026507444947,1.0679111127393934,0.0010203129063105622,False
66,3.3499999999998527,-0.03450767468860176,-0.2543594390166195,0.24859501379616333,-2.9268301517728594,-1.1079349496460353,2.3379480907782475,2.357599966022556,-0.24457163081736796,-0.02263868220678822,1.0692990650909355,0.0011018117719111666,False
67,3.399999999999847,-0.05148272894067382,-0.18936288640796367,0.22415264850312788,-2.890673192887276,-1.203741519122867,2.3220354849190747,2.424593158893508,-0.2328375857796781,-0.035477967804933785,1.0638499004790187,0.0013536717127687027,False
68,3.4499999999998416,-0.059668534008453705,-0.13247797147688994,0.22336122002912334,-2.853370394560456,-1.3171063491003256,2.294554889154765,2.503027423694784,-0.21742212498049296,-0.041769469377966856,1.0610620624664804,0.0016844234009582137,False
69,3.499999999999836,-0.06347702924044178,-0.08835793209062513,0.23003350188388622,-2.832409560131339,-1.4502087493000106,2.248047212401379,2.5719424190722577,-0.20452209213647443,-0.04803713968528607,1.060684036315419,0.0019381077658106407,False
70,3.5499999999998306,-0.06658380688822806,-0.024036311131793234,0.22414606201699597,-2.808573173850301,-1.5406415292768452,2.2124015752083004,2.6484439206518995,-0.19679113271981744,-0.054896542242590246,1.0515352811699634,0.0023838025146404934,False
71,3.599999999999825,-0.06042771729435376,0.027671345910705126,0.2406327939683322,-2.7992487874410155,-1.622564186978212,2.174940707453806,2.725710337210367,-0.1922528785168977,-0.05128920143490953,1.0418693789977367,0.0029669502654705087,False
72,3.6499999999998196,-0.05074016873559505,0.07612161358921955,0.26036865392272796,-2.812504020466471,-1.682016253831087,2.1224217444050337,2.779410271668557,-0.19978010179227534,-0.04862241267943876,1.0293895353534743,0.00331000778295608,False
73,3.699999999999814,-0.044158680969042005,0.11433505432999962,0.26130455951260795,-2.825269060146395,-1.683258245119547,2.061954749493331,2.821807959841057,-0.21242292542123903,-0.05711543396664773,1.0204118895524925,0.0030878843057400296,False
74,3.7499999999998086,-0.032639253305849,0.13725655235163545,0.282295783891666,-2.826619278771319,-1.6331424737300773,2.016557029282155,2.87002065013978,-0.22202268595729402,-0.05630253855234671,1.0169334327935078,0.002856320443561137,False
75,3.799999999999803,-0.01949781839512984,0.16844024965564375,0.306606069943212,-2.8348949848691483,-1.5911350144836474,1.9797946916098115,2.902408761330066,-0.23604551882512537,-0.05170164883997665,1.0092683450891355,0.0026447569016846786,False
76,3.8499999999997976,-0.007076064133862556,0.20153081369056255,0.3217263509637396,-2.832205500984011,-1.5598403163628618,1.946969348259485,2.887953406511574,-0.24525176133409954,-0.048828344181208294,1.0028914688993578,0.002530984613151648,False
77,3.899999999999792,-0.0012087096169948787,0.24866498835736353,0.3113598880864295,-2.8056911684088597,-1.5059497205659411,1.9125051058916163,2.8677902191188855,-0.25101396090196315,-0.05389600476597958,0.9961504831220594,0.0024662047306434312,False
78,3.9499999999997866,0.0074547437612106394,0.28628422391144587,0.2975638856793373,-2.775452019097486,-1.4860605243981961,1.871088839490291,2.8374950556000624,-0.24817481732498695,-0.059595410016825806,0.9938773040731718,0.002581640262685604,False
79,3.999999999999781,0.017173284898767426,0.3063619453938923,0.297266214667992,-2.7561697990411944,-1.4279002748723084,1.8404802353627072,2.813610404215197,-0.2517729972802499,-0.06081466352470419,0.9939390231134909,0.00242717846172792,False
80,4.049999999999776,0.022605817668963402,0.32667997851359654,0.2982005280037403,-2.736179064013809,-1.3488935798911994,1.836607508013665,2.7878884195117766,-0.26020675239817465,-0.05811926567812695,0.9895259015552309,0.0022663720879370565,False
81,4.0999999999997705,0.027606059243187916,0.3431952531791235,0.29066120163607456,-2.7066594311660173,-1.3276270383919206,1.8497416908392033,2.766440149136758,-0.2543069835446289,-0.0534164330040693,0.9850824529272351,0.0026703510396441426,False
82,4.149999999999765,0.037516670773274606,0.3624280348489944,0.28598896831876275,-2.680079877407603,-1.3504656997844298,1.8527375173724159,2.7749018681271673,-0.2419254042444671,-0.04775770861497669,0.9817211183146851,0.0034527752757964845,False
83,4.1999999999997595,0.047975641128880406,0.374386233137398,0.2754057125958336,-2.681071910880938,-1.3359994644593916,1.8387176986740097,2.7774431717344927,-0.24707000294541726,-0.05073472504572363,0.9798518446448378,0.003213796075667741,False
84,4.249999999999754,0.061584450729255516,0.37617779606882396,0.2647935301744224,-2.6768509963276834,-1.3541542350172107,1.8108795618542883,2.7838497735877477,-0.2430395783408935,-0.05428285459943351,0.9844524645870377,0.0031983200311149515,False
85,4.2999999999997485,0.07437263743792387,0.3878650178308936,0.24231572316533573,-2.6691351581991865,-1.4099563053932604,1.7776677272539074,2.823223915434954,-0.23248959277162828,-0.06181542730358229,0.9884179411585511,0.003460190976851438,False
86,4.349999999999743,0.09198456373788279,0.4013874213071635,0.23951542235577677,-2.6777376969788644,-1.4687646885893317,1.7548607081163956,2.887175715754106,-0.2279158983667116,-0.06089290277083982,0.9881323350593212,0.003735043961282781,False
87,4.3999999999997375,0.10552892829775222,0.4104500525005723,0.24279445471366845,-2.700162064431506,-1.5145436728056214,1.7617245138343298,2.90342024676609,-0.2320438987127174,-0.05555242750133493,0.9822876998091643,0.0038646818785551414,False
88,4.449999999999732,0.11983439347646918,0.3977649407643526,0.23897587926506367,-2.7212970781634556,-1.5515478412474941,1.7714281506890242,2.8852908672752826,-0.23238694391056175,-0.052042198324428995,0.9825484895513354,0.003893698884254072,False
89,4.499999999999726,0.13157706960482046,0.3898888300234203,0.21608787057896275,-2.7270556181230288,-1.547700258990645,1.7762226331720723,2.8736636866882694,-0.23405784324771658,-0.05716409421147543,0.9847995919923739,0.003609915178050007,False
90,4.549999999999721,0.1375781695682581,0.3984451053957318,0.18857734047674587,-2.707706666085275,-1.5522173558316534,1.7944652298500112,2.860101746424927,-0.22801945658729614,-0.06112048511206823,0.982124386110707,0.004006249946149608,False
91,4.599999999999715,0.14702297694028868,0.38217816622505485,0.17625165148428057,-2.7176722518069876,-1.5302362358974106,1.8101573315962125,2.8234943559020214,-0.2320198200356317,-0.06276939265991954,0.9835590821183683,0.003676276682953055,False
92,4.64999999999971,0.16475610653514217,0.33916954706253677,0.18589111796769694,-2.7430594031283415,-1.5107064891675765,1.8007948403492435,2.793030874201247,-0.23556779531869118,-0.05802717249451926,0.9951386517336228,0.0030995074019744486,False
93,4.699999999999704,0.1753879040725896,0.3203296398907749,0.19044290268698189,-2.7539076747050406,-1.5303324217185004,1.7982377589716723,2.7655576664351633,-0.23228269110622035,-0.05309620409794365,1.0009744574797912,0.003091385791129318,False
94,4.749999999999699,0.17635136835593856,0.3152250841425943,0.19863224828338288,-2.767942104140175,-1.5181718237904513,1.8217285382908994,2.7287882640366057,-0.23949818209278534,-0.04924368083186714,0.9968209651871398,0.002972030304279283,False
95,4.799999999999693,0.17379692223290857,0.2966914637373315,0.20184060224752431,-2.7602987121321965,-1.4704303772300849,1.8437672280316062,2.6974910340681006,-0.24077562708965716,-0.045683868246276654,0.9985342428319862,0.002893259232556517,False
96,4.849999999999688,0.16814002409559936,0.29855616527000195,0.18323257734244547,-2.744630773318078,-1.466581636291795,1.853283064372558,2.666048935140185,-0.23524446496567264,-0.050182494876356426,0.9991698254559443,0.0030644978887149773,False
97,4.899999999999682,0.1622624039253045,0.31763984197154804,0.15929437626876017,-2.7253897646639005,-1.4887555639820573,1.8490795226991217,2.6457228487597253,-0.22812942923846194,-0.058919298360963324,0.9971801288762249,0.003358251515073086,False
98,4.949999999999677,0.1649886790602045,0.32773333189924103,0.16568524354351338,-2.7280608625166716,-1.5162109490270037,1.8475912934028418,2.6335761762203087,-0.22643969634569455,-0.056171296006570504,0.9942056656284837,0.0036208971261835936,False
99,4.999999999999671,0.16578858456438386,0.3439794358173889,0.16787653458299365,-2.7325111388572862,-1.5165194890237887,1.8511265618432848,2.6189518807622876,-0.23260315965304315,-0.05515852777310688,0.9880229708808422,0.0035829086142682184,False
100,5.049999999999666,0.16167349563468525,0.3739900564065028,0.15105648750017375,-2.7087583638004955,-1.5215097090550638,1.8542122298943227,2.5892028346132303,-0.22922562795838844,-0.060242889057915486,0.9812992669391678,0.003990435047333898,False
101,5.09999999999966,0.1523942778491145,0.4116555705656439,0.13591356112484151,-2.6746290614162382,-1.5040449412180343,1.8686474742681132,2.5480134347208847,-0.22630271969435595,-0.06478674966840071,0.9712717252105487,0.004580100881914332,False
102,5.149999999999655,0.1505335620351107,0.43527208155862684,0.13423548911310082,-2.632143305810903,-1.449272887800899,1.87773988561093,2.516851038153076,-0.22095178533932017,-0.06185939373557568,0.9655208085677379,0.005394762037660033,False
103,5.199999999999649,0.1609453568869757,0.4359323701187656,0.1511294583858583,-2.585919874212157,-1.4380716283835573,1.8739484647576297,2.5132348799912823,-0.19946820137885587,-0.045863039045415194,0.9699958876791401,0.007650688417850511,False
104,5.249999999999644,0.16777932736593967,0.4333373744921632,0.153075122026486,-2.572302195772323,-1.4180697195982084,1.8651075236647667,2.5145070853323843,-0.19371921625899005,-0.04134035149401795,0.9736523060531604,0.008094178397566567,False
105,5.299999999999638,0.16563072268700105,0.44467323221361027,0.1345556510851294,-2.551589786969345,-1.362106282758394,1.864892990402805,2.519985493112764,-0.19655896433018447,-0.048829538128679406,0.9722653116733163,0.007651047201813692,False
106,5.349999999999633,0.16752814114648623,0.45228530039689363,0.13753165811751114,-2.521258686813107,-1.3285818766112956,1.8621319444064235,2.542086375134423,-0.1894693339889242,-0.04449504213268146,0.972510303397087,0.008611944324895118,False
107,5.399999999999627,0.17404907584883314,0.4481866473729817,0.1662217354771948,-2.504588771223064,-1.316696105351059,1.860961606482515,2.5532887914604707,-0.1816116414060695,-0.0269113349754323,0.9750773424347946,0.009931306622042039,False
108,5.449999999999622,0.1808146258990633,0.44282337634132674,0.18711058201115152,-2.4835445090237758,-1.354227519837752,1.8591260503867166,2.566230290558441,-0.1643306398282913,-0.010596774232446454,0.980650228636784,0.012033497706875647,False
109,5.499999999999616,0.1883032363248021,0.4457627103002527,0.19548763490758464,-2.476001446443283,-1.419929286844032,1.8434115252394578,2.5806037926557805,-0.15039080747957415,-0.0030675565496649237,0.9852713954929844,0.013481726539655821,False
110,5.549999999999611,0.1958019562994285,0.4422437288471472,0.19402957029931872,-2.4943895380791234,-1.4413085395769076,1.8146095415571326,2.5819858383728653,-0.15366578890123084,-0.006972433465084943,0.988690201896368,0.012232544379208102,False
111,5.599999999999605,0.20231360166252413,0.4321566513193254,0.20674826416685577,-2.512912966608976,-1.400188495893878,1.7914308957987548,2.5675664611407965,-0.16672860477516085,-0.006734166996145291,0.9916213625397907,0.009957799221452271,False
112,5.6499999999996,0.20970485087658117,0.42974537888905745,0.24590191925679028,-2.5208909664925123,-1.374002180372816,1.788707512418481,2.5349410470389877,-0.17549360350734072,0.01061511154674262,0.9898973532988263,0.009205356131542212,False
113,5.699999999999594,0.21124410329595036,0.42416464617405564,0.2728551116389596,-2.5306261882155416,-1.3325195426853054,1.7876086066104655,2.5083587405646597,-0.18656230670419066,0.0208885054484559,0.9884662644154328,0.008039570887862347,False
114,5.749999999999589,0.20771546522478782,0.42522933326817375,0.2711594790006816,-2.5178777463135833,-1.2975966651882553,1.791368941115747,2.497784853585857,-0.18764002678772648,0.020944343032667137,0.9884645960839556,0.007920811628156757,False
115,5.799999999999583,0.20694101629657383,0.4283113866790998,0.2583951891704623,-2.500626884748875,-1.2862972320007071,1.789877155965907,2.5144272849027667,-0.1820677038199441,0.017904807730350067,0.9897239682451424,0.008419185108791409,False
116,5.849999999999578,0.2076459687589253,0.431324122333937,0.23260228345335113,-2.4982076746055815,-1.2648577171602051,1.7731536235048388,2.5223081689089852,-0.18450781789097004,0.00438931791045763,0.9916118052173775,0.007957589299893887,False
117,5.899999999999572,0.21377111657971948,0.42521473930552384,0.21452099037330732,-2.4887970358687794,-1.2219189840732865,1.7398755277963638,2.525122739044964,-0.18690896374383298,-0.005338966375788803,0.999177682534861,0.006855597892623935,False
118,5.949999999999567,0.2247314387469723,0.42418109758179134,0.2091886905995156,-2.471477477502371,-1.1672909567578935,1.690882316831625,2.548414495549004,-0.1902852609396539,-0.007847278729240292,1.008229713005047,0.0057196372005667104,False
119,5.999999999999561,0.2332121953766217,0.43900536311796,0.20910594934966764,-2.4382143193285497,-1.0962622628856133,1.6539650532613674,2.5853556928659263,-0.1940722606649577,-0.004275006267997414,1.0108928902969017,0.005250503348045665,False
120,6.049999999999556,0.23998059692302223,0.44562589322787666,0.21461172340806048,-2.4070051034275726,-1.06336884010975,1.6425885809001586,2.611995877910077,-0.18943978759582414,0.004939660395528553,1.0126713234362656,0.005461254806309175,False
121,6.09999999999955,0.24623712967406697,0.43223415102958357,0.20655683345766068,-2.4002973236599985,-1.0972326207962861,1.6350414898872412,2.6406454124390044,-0.17751106753025445,0.004734585791182064,1.0212130438617035,0.005557119179662173,False
122,6.149999999999545,0.2486953750067608,0.4246456788028022,0.18187949709443615,-2.4096777919690573,-1.1436494441326983,1.6192465599055355,2.668862644033571,-0.17094880324688444,-0.008814702149497144,1.0288438342250066,0.005257773361293467,False
123,6.199999999999539,0.2547693022886338,0.4190141082398399,0.17805050392962637,-2.4070627626344736,-1.1940789368764397,1.611322687771016,2.703184660974344,-0.15959600331555468,-0.00974865618175036,1.0354432433480176,0.00533629972967109,False
124,6.249999999999534,0.25592393608776504,0.4241613656352707,0.1823525913797809,-2.4063138038814356,-1.1983354047299604,1.6303675496251857,2.72721064766728,-0.15810553304852165,-0.004557354124630944,1.031039568964851,0.005872138267569937,False
125,6.299999999999528,0.25235655147238234,0.4279249227802033,0.16419498958137152,-2.416281826307256,-1.2048479751305232,1.6567205728601468,2.720005057346282,-0.16052757920459265,-0.0118703537533906,1.024352870086946,0.006332253017170232,False
126,6.349999999999523,0.25176914199558037,0.41453284533957885,0.15959787934771397,-2.413737371769772,-1.1703776072009537,1.6771860187953151,2.714041424645567,-0.16209243359702952,-0.011024334740314404,1.0247295031415469,0.006193374327560816,False
127,6.399999999999517,0.24811350605061558,0.3967688893245694,0.16880038845359313,-2.395979472488695,-1.0869576447884772,1.7033057258605335,2.6964253474010653,-0.16459597622873803,0.0006593193082560372,1.0258071193416836,0.005988994461393017,False
128,6.449999999999512,0.24395561154362166,0.39614951609321186,0.16942699236951037,-2.3959122348129487,-1.0336785502700152,1.7232203356250606,2.6545646568513623,-0.17232119863505832,0.004363680069078793,1.0206084492936602,0.005968970023417786,False
129,6.499999999999506,0.24700093584705046,0.3968112874704968,0.18361435756219657,-2.3914024885141845,-1.0500456307356945,1.7374031034062576,2.6321014237645852,-0.1679550100031048,0.013553163147845493,1.0189624437486462,0.006444729077670845,False
130,6.549999999999501,0.25259580674177545,0.3811085090864579,0.20114249717020166,-2.3991254606585253,-1.1031119330947892,1.7460309842747586,2.6458273480687122,-0.15862975376996846,0.023777808720467558,1.0245013612828606,0.00648227938722042,False
131,6.599999999999495,0.25205971954876727,0.37421219751200174,0.21756641891036244,-2.4171825365541384,-1.1171868375062135,1.7636881536496718,2.6591704503538227,-0.16176832151298728,0.030473889317884403,1.0223030671009266,0.0064244304791641026,False
132,6.64999999999949,0.25036942519347954,0.360649222547887,0.23579457283984592,-2.448505188903782,-1.097416754037225,1.7804695116906513,2.64375230304684,-0.17558911316063364,0.035456866487173055,1.017960389485711,0.0058091792471398245,False
133,6.699999999999484,0.24938073661874266,0.3513264096239397,0.2441002634989992,-2.4880842660697313,-1.1161377792699747,1.7859611095208126,2.616098725380246,-0.18806001128359537,0.032087078236359215,1.014993244444513,0.005246298378926885,False
134,6.749999999999479,0.2475946974741762,0.3540819776347625,0.24260633644503715,-2.509927487159871,-1.18685881303023,1.8046430679288512,2.6149551250978513,-0.18593872828968436,0.029078327128297388,1.0107456855100683,0.005778922088155792,False
135,6.799999999999473,0.2430087737769197,0.36584831655640687,0.22781579632419288,-2.5328675720303484,-1.2136573301264726,1.8228872803270224,2.618478408096441,-0.19242952189884918,0.019281773215950315,1.0017537042825313,0.006140257490747696,False
136,6.849999999999468,0.23959867902764648,0.3737936464574114,0.21210616403000257,-2.527597383848232,-1.2092687332549827,1.8159935425115317,2.6221290455540895,-0.19297315229497217,0.010481084724553488,1.0004294853839628,0.0062449842492638095,False
137,6.899999999999462,0.23342212464067313,0.3777338478437862,0.20409166649272073,-2.5034384285515157,-1.1662170111334857,1.8122635193145098,2.613241785572354,-0.1899764700809052,0.008234821130561301,1.001925932201808,0.006364167492376202,False
138,6.949999999999457,0.22803717572353346,0.38555002472312633,0.19903111312506133,-2.4632752535564517,-1.1378331407746276,1.8061863776903218,2.600544545657827,-0.17886260926730807,0.01036760286255864,1.005042500391532,0.007022678250904955,False
139,6.999999999999451,0.2214394116160073,0.4048669665781958,0.18574261462710842,-2.4339750572942207,-1.1157611338579685,1.8114549271748017,2.616308766270279,-0.17260956546729217,0.007628950743017643,1.001629255623879,0.008009886277551479,False
140,7.049999999999446,0.21619870628938048,0.4115923015332653,0.18774465386097194,-2.4320673119246834,-1.0882445737775273,1.8341678626235296,2.626193573055838,-0.17645953511889761,0.010268038127208154,0.9949107465165355,0.008438381352040706,False
141,7.09999999999944,0.2109278416672171,0.41580563138276627,0.18142620455735922,-2.430408072930338,-1.102449813948365,1.850899288073088,2.637439452561957,-0.17382133366588093,0.008517444432400226,0.9919928520256062,0.009124157959691853,False
142,7.149999999999435,0.20915297125624238,0.4214781790770839,0.17744886315534011,-2.445912644206231,-1.121965670467083,1.8506554988405128,2.650525127924597,-0.17841760603200213,0.0025145514091278742,0.9883099301503463,0.009055893099827756,False
143,7.199999999999429,0.20563438379650867,0.42247074441289584,0.17344736346812684,-2.460476361413708,-1.1266134143224633,1.8524223979270396,2.632981475149798,-0.18500171200505394,-0.0028740869147755588,0.9858006582604651,0.008553557043648278,False
144,7.249999999999424,0.20502046292528175,0.4158305401245232,0.18199208440343348,-2.46688824580554,-1.1643439843973795,1.8544772709084525,2.6116039477796202,-0.18046190937482035,-0.0007774683510280572,0.9878690781826328,0.00884972213131954,False
145,7.299999999999418,0.2062606978629943,0.4144898609559212,0.19484614902081562,-2.4842405476009923,-1.188850973905833,1.8452448791543248,2.5921932681142783,-0.18430444744201646,0.0010866423789958335,0.9877420153949249,0.008424799534448388,False
146,7.349999999999413,0.20569566756481314,0.4266586832877932,0.20781299666330924,-2.4805092406815326,-1.220729620142117,1.8433890858128328,2.559475635416817,-0.1812768699345277,0.00602102437416864,0.9848997726901911,0.009161769458282275,False
147,7.399999999999407,0.19860924241961478,0.4365619954409431,0.2027504450399874,-2.482835347841679,-1.2055195573563493,1.8479658636384302,2.513946437642527,-0.18640417008408086,0.0016566920696977072,0.9797875813022625,0.009155813081855868,False
148,7.4499999999994015,0.19620223657296473,0.4391258756207571,0.19336000981954587,-2.479863611063094,-1.2094728579439034,1.8318845864629776,2.472533439076197,-0.18598540437846786,-0.005893162827870113,0.9817979921636898,0.008898469286610804,False
149,7.499999999999396,0.19207687575033439,0.44145869377065694,0.18232460177253088,-2.467219007329833,-1.2057663914414414,1.8216156457295702,2.443249246234973,-0.18141962889997076,-0.012130181538596657,0.9845389374513189,0.009036841268990514,False
150,7.5499999999993905,0.1866293946296511,0.4351346380009766,0.17908964502430572,-2.447809788588932,-1.1798993731558343,1.8142852757184786,2.3934591545895434,-0.17548489153367597,-0.013408791966596237,0.9898323587792067,0.009042045452881403,False
151,7.599999999999385,0.1890832989152558,0.42536384486651513,0.17841295765188803,-2.4312170981933305,-1.2122955909413955,1.7900262469900392,2.337865389340273,-0.16121688003360263,-0.013683997105746165,1.0008834789236716,0.00913568401278248,False
152,7.6499999999993795,0.18939516672261109,0.43387564414044066,0.1619565574943793,-2.424760640198168,-1.2319541363234083,1.7637292606723416,2.287094180358308,-0.15717317342191628,-0.024373675727860408,1.0047307521632693,0.00879385290956532,False
153,7.699999999999374,0.18593008766675903,0.4438950430973006,0.15487611061969878,-2.4005390606936325,-1.202879117786313,1.7513021504759794,2.2493689622297732,-0.1546144471350963,-0.028239315536012277,1.005561355162263,0.0088339746642155,False
154,7.7499999999993685,0.17973678375592503,0.45678386120760733,0.14804608573871117,-2.388691972878298,-1.1759931414507732,1.7596413548563559,2.2088093978281607,-0.15634221178375388,-0.030775348208021913,1.0006705763280521,0.00928389281789959,False
155,7.799999999999363,0.17646153934080913,0.4736288117961864,0.12999961859538248,-2.3905068429735086,-1.1514784392893376,1.7638622132211434,2.1852229733347253,-0.16550883574972786,-0.040107758937373714,0.9929096203071375,0.00905501303309069,False
156,7.8499999999993575,0.18274478134558653,0.4815659896609694,0.12684861245553294,-2.3743977625009256,-1.1207551488361303,1.7395280280462402,2.186795705950016,-0.16722899475414463,-0.040567453893377944,0.9943295986749836,0.008662717977101596,False
157,7.899999999999352,0.18631889829831014,0.4903171299366656,0.1304713914379192,-2.350771210683364,-1.0928948530055325,1.718348230841133,2.2116675410987474,-0.16462945996644635,-0.036611374822629564,0.9967964378519292,0.008752046412494706,False
158,7.9499999999993465,0.1908842433806565,0.5005483336840214,0.14792420036168902,-2.3443622550156817,-1.1185935401893203,1.71031169261262,2.2495127497592646,-0.1598596495095311,-0.028601109296997912,0.9952748081977731,0.009757919560964327,False
159,7.999999999999341,0.1982170298668723,0.5062518852947185,0.17799951170015155,-2.3754998369530296,-1.14107322444001,1.7077538092500337,2.2819341358220857,-0.17060210425243458,-0.01753016278071476,0.9888802597598657,0.009690719118682651,False
160,8.049999999999358,0.19846438490193705,0.49748063849383867,0.19499367085571676,-2.4021327455288985,-1.0939839820882542,1.7256990320858125,2.2957441126112634,-0.18861691220597263,-0.00971722109598977,0.9832414022094762,0.008362929372651163,False
161,8.099999999999374,0.1914923685376252,0.4870151717058293,0.19714875079262525,-2.406598005862509,-1.0061284358353288,1.7578022232899733,2.278893340736495,-0.20230611544419888,-0.0037150958147334767,0.9787435559113924,0.007348335948872631,False
162,8.149999999999391,0.18406887570348476,0.48044737459027387,0.17714290534831945,-2.3996318020807954,-0.9530324032432712,1.7778853441961537,2.253978826709489,-0.20529261893242137,-0.007493371958386966,0.9776479783363742,0.007100870284897611,False
163,8.199999999999408,0.1771622134751513,0.4697245182005177,0.15599746771033693,-2.4070871770850593,-0.9086306175183257,1.7827467746663193,2.218857204915437,-0.2124953497250482,-0.016428730024119084,0.9791581781015356,0.006161199185576757,False
164,8.249999999999424,0.17609001863343965,0.4485000622605686,0.14227610125652154,-2.406487408229166,-0.9125514447878496,1.767860359964197,2.187712422330569,-0.20826691155063606,-0.02398124738671427,0.9887397815729324,0.005693783043518616,False
165,8.299999999999441,0.1762665343133953,0.4263380848901706,0.1231247645579922,-2.4173777575309936,-0.8973922287304449,1.7374126437699742,2.1887789647898583,-0.21245438342975148,-0.03548899188789613,0.9998935730075706,0.004464707363539519,False
166,8.349999999999458,0.18070956475963174,0.4176222997225042,0.12697602147495501,-2.4123950572436836,-0.8798675986966108,1.7094655802976497,2.187008168769037,-0.214061634303962,-0.03463307805566222,1.0070650444384361,0.003967809066787916,False
167,8.399999999999475,0.18703436150451175,0.41448446667375627,0.14189409216720958,-2.4012339312816993,-0.883321362066652,1.6812434134433791,2.191585531274661,-0.20981782988942105,-0.02815094931971615,1.0131915741474802,0.003934882683611097,False
168,8.449999999999491,0.19208330674208277,0.4109972861187807,0.15767530121028248,-2.415196794530563,-0.8995462800275663,1.6673210367501528,2.1985959437925895,-0.21313440169625553,-0.024792670333055142,1.0153154526272465,0.0036787334142005276,False
169,8.499999999999508,0.19543435528368241,0.41382102090862644,0.172746718963941,-2.4257289940922564,-0.9613146876146799,1.6780748279835422,2.2074313332201196,-0.2072790766153586,-0.021550453936878405,1.0134309111250153,0.004124724620879119,False
170,8.549999999999525,0.19215470635528084,0.4279985653162973,0.1622125963963058,-2.425726415723757,-0.980557556312635,1.711026677519732,2.2351103691527623,-0.20419295712489297,-0.023904464343720636,1.004785167313202,0.004840661120206165,False
171,8.599999999999541,0.1821015650028268,0.4502687487884711,0.1273354748977239,-2.4157846314575626,-0.9636376644742312,1.7416001749916876,2.2668117179012315,-0.20613374920451677,-0.03624882916987919,0.9943693139283981,0.005249487386208685,False
172,8.649999999999558,0.17711780938914692,0.4624550132161676,0.0906012487193899,-2.4075020869916735,-0.9451985881011983,1.752307012788983,2.2876204411621446,-0.20831641632652897,-0.050593564012229406,0.9901597303687837,0.0050862610161766944,False
173,8.699999999999575,0.18192570026250868,0.45295903293633305,0.07816116573957683,-2.400536415404631,-0.9695474265925998,1.7575811672111352,2.2942621880940712,-0.19883839520602545,-0.05458565109302753,0.9947486395278239,0.005358321386184824,False
174,8.749999999999591,0.18557882461020483,0.4352634940276129,0.08376310813238613,-2.4162941850280055,-0.9829386242173788,1.784511367092223,2.2840285064856722,-0.19642721067029303,-0.04913781515923524,0.9954534668651361,0.005624890264490842,False
175,8.799999999999608,0.1818302801708964,0.4195735067774049,0.07834024528024283,-2.4251157248192103,-0.984253953387088,1.8304832968178106,2.2653107461866195,-0.19327790726555474,-0.04651011740412589,0.9934093915732,0.006108991077810759,False
176,8.849999999999625,0.17799571502975867,0.3941118196576843,0.05384835533646309,-2.4308832890326926,-0.9851722095520288,1.8677751924702386,2.26070885581598,-0.18700281643826697,-0.052353497193016144,0.9972476744511719,0.006127167760081844,False
177,8.899999999999642,0.17316313341603679,0.3827044588903688,0.022621118480351372,-2.4417546267562513,-0.979031859481014,1.9062577733159098,2.2510470755879526,-0.1877844238761264,-0.062331227781547205,0.996375121051115,0.0058310902805885296,False
178,8.949999999999658,0.1704643989459624,0.3763300069198164,0.00972812676282116,-2.433553781581711,-1.0060739465203317,1.9505088604151208,2.23298466459182,-0.17530025656315343,-0.0635961084351051,0.9958747832206487,0.006831576189964019,False
179,8.999999999999675,0.17000586238427562,0.3469937716327345,0.015629253868185394,-2.4503056879176093,-1.0262798475304025,1.9904773783455665,2.213774748552264,-0.16866648223501252,-0.05642951650297985,0.9997508705371698,0.007283565120994693,False
180,9.049999999999692,0.16715081655309483,0.306465248482909,0.015507064386611492,-2.4905336827686253,-1.023429429982025,2.017408565541601,2.198037426492204,-0.17674570725277708,-0.05466869730536847,1.0040240679269115,0.006254059332672757,False
181,9.099999999999708,0.15741818995503443,0.2901776691398638,-0.01289223748252502,-2.512392277852827,-1.0333091436069766,2.026314057643917,2.1976562290049673,-0.18412058898501038,-0.07010722413254156,1.006452326632951,0.005062547144039777,False
182,9.149999999999725,0.15190272957766524,0.28118195504363236,-0.030121414676777203,-2.518254908508177,-1.0948148725921283,2.0313329131630744,2.2314299909182322,-0.17869317126695047,-0.08299123082534618,1.011038930629957,0.004655736376433436,False
183,9.199999999999742,0.15022660644280975,0.26722582243205667,-0.02064574198249681,-2.5577350700558945,-1.1092921941522003,2.0291680057869788,2.266182812214616,-0.192311311642198,-0.08298502718189814,1.009223403561901,0.004051132234609264,False
184,9.249999999999758,0.150432786446109,0.2552177261115789,-0.011604394256683645,-2.5865151645744677,-1.1345196716810912,2.007519225156949,2.2693044368684516,-0.20315293347365726,-0.08514782539494696,1.0108328943350862,0.0034039763447169706,False
185,9.299999999999775,0.14975871681853295,0.24870184681408433,-0.00685394214546877,-2.615199126021438,-1.146487528856888,1.9753804152087413,2.2506910745507005,-0.2166540904356605,-0.09118369807880096,1.012483023366287,0.00267966286168179,False
186,9.349999999999792,0.1412837203675485,0.26367359327701423,-0.025118529029508344,-2.6052149967928098,-1.1433629720778473,1.9475466382609115,2.2352007074394495,-0.2210705165970906,-0.10462471586229517,1.0135038432330636,0.0022652434787134978,False
187,9.399999999999809,0.1369328400501508,0.2756112906281976,-0.030058195621043764,-2.578879336339323,-1.1525630877502906,1.9257676224813953,2.2174187205856652,-0.21210907992925565,-0.11156243616251268,1.0172889523362572,0.0022934980366564853,False
188,9.449999999999825,0.14018644340618208,0.2755275592450422,-0.01006722723841934,-2.586004157017102,-1.1513740367390504,1.8938462480456313,2.18255766179396,-0.215540199775986,-0.1076328031103172,1.0199055262919081,0.0021871814071559273,False
189,9.499999999999842,0.14523823237543687,0.28172081576079916,0.010456022562807673,-2.575524579078986,-1.1853064676438867,1.8666349412901067,2.1687250754334944,-0.2073619643382624,-0.10275674945738768,1.024004827237539,0.002379233812269849,False
190,9.549999999999859,0.1456561523642957,0.3042404176880137,0.02776882663879013,-2.5765012749765743,-1.2016820786342237,1.869280102031091,2.1636886173226113,-0.20736468275077266,-0.09672819763360017,1.0165635392529646,0.002752937119599588,False
191,9.599999999999875,0.1454782842984875,0.3164397815397459,0.04195002047146526,-2.5804231568779494,-1.1824171703282744,1.873119668644161,2.1671340417987106,-0.2140934620083291,-0.09054648953460556,1.0094715952813118,0.0028974779306692885,False
192,9.649999999999892,0.14103694381701093,0.3265003934942884,0.04066375635218294,-2.5714823495506005,-1.1423346814225224,1.8829483253817525,2.191787844915881,-0.21820302243112583,-0.08884651579524665,1.0048783809568578,0.0029453734984919125,False
193,9.699999999999909,0.13547916897751625,0.3346287416968912,0.03835482374358709,-2.5567253096881637,-1.153038181525175,1.9164774033452352,2.2024030364609377,-0.20984584501687295,-0.08614114425210954,0.9998957598793109,0.0035831183770754903,False
194,9.749999999999925,0.12733625846362123,0.33384347330824804,0.021694530592443483,-2.571874942902244,-1.165871761125397,1.9518490719200168,2.1977667904324427,-0.21376914809642306,-0.09143100003726216,0.9942390959950241,0.0035200044058432134,False
195,9.799999999999942,0.12191284230695623,0.32146354274200156,0.004701736811812752,-2.5735686228832546,-1.1958155460965996,1.9808602199925314,2.2071451930070785,-0.20814760802394253,-0.09686984304962763,0.9955349451213181,0.0035898281463584915,False
196,9.849999999999959,0.11620045883682176,0.31276501788057415,-0.02068790833431238,-2.587142468484153,-1.1993938529389032,2.0036988135104195,2.2202191628217385,-0.21226198266073068,-0.10590928128643988,0.9949577333546811,0.0031893684933802387,False
197,9.899999999999975,0.11381627745022567,0.30037119909994586,-0.03351151027551879,-2.6232161127752907,-1.200397542762399,2.025202895397675,2.2197355238053778,-0.22788027905418276,-0.11023436960439542,0.9911964518863402,0.002603376861522813,False
198,9.949999999999992,0.1122035864157063,0.29035806083964866,-0.044562279897980756,-2.6517914965689857,-1.244205791932064,2.0377361618173775,2.2203310776165672,-0.23548282331076278,-0.11527858146338671,0.9901050943571794,0.0022735839781926614,False
199,10.000000000000009,0.1079053387947809,0.2787635497586933,-0.052790469009839636,-2.690639612096944,-1.2484444225827513,2.055524601266361,2.2122121867526325,-0.2522545679737208,-0.11838336628661483,0.9864579153855058,0.0018109968999530717,True
